<odoo>
    <data noupdate='0'>
        <!-- <record id='mod_request_group_manager' model='res.groups'>
            <field name='name'>Requirements Group Manager</field>
            <field name='comment'>Permission Group</field>
        </record> -->

        <record id='mod_request_group_manager_assistant' model='res.groups'>
            <field name='name'>Assistant Group Manager</field>
        </record>

        <record id='mod_request_group_manager_lawyer' model='res.groups'>
            <field name='name'>Lawyer Group Manager</field>
        </record>

        <record id='mod_request_group_manager_procurator' model='res.groups'>
            <field name='name'>Procurator Group Manager</field>
        </record>

        <record id='mod_request_group_manager_head_area' model='res.groups'>
            <field name='name'>Head of area Group Manager</field>
        </record>

        <record id="group_api_odoo" model="res.groups">
            <field name="name">API Token</field>
        </record>
        
        <record id="group_validate_files" model="res.groups">
            <field name="name">Group Validate Files</field>
        </record>
    </data>
</odoo>